Workbook

Sheet Tổng hợp
A1: ID | B1: Bài | C1: Thay đổi (so với bộ tham chiếu) | D1: Cột liên quan | E1: Quyết định | F1: Δ R² trung bình (regressor) | G1: Δ AUC trung bình (classifier) | H1: Δ AUC-PR trung bình (classifier) | I1: Δ nhỏ nhất | J1: Δ lớn nhất | K1: Lý do | L1: Folder test (experiments/) | M1: Mẫu và cách chia
A2: L1 | B2: A, C | C2: Bỏ frequency encoding sân bay | D2: freq_origin, freq_dest | E2: Bỏ | F2: =IFERROR(AVERAGEIFS('Chi tiết'!$I$2:$I$349,'Chi tiết'!$A$2:$A$349,A2,'Chi tiết'!$F$2:$F$349,"r2"),"") -> 0.0056163333 | G2: =IFERROR(AVERAGEIFS('Chi tiết'!$I$2:$I$349,'Chi tiết'!$A$2:$A$349,A2,'Chi tiết'!$F$2:$F$349,"areaUnderROC"),"") -> -0.00067633333 | H2: =IFERROR(AVERAGEIFS('Chi tiết'!$I$2:$I$349,'Chi tiết'!$A$2:$A$349,A2,'Chi tiết'!$F$2:$F$349,"areaUnderPR"),"") -> -0.00078933333 | I2: =_xlfn.MINIFS('Chi tiết'!$I$2:$I$349,'Chi tiết'!$A$2:$A$349,A2) -> -0.003637 | J2: =_xlfn.MAXIFS('Chi tiết'!$I$2:$I$349,'Chi tiết'!$A$2:$A$349,A2) -> 0.016796 | K2: Có hay không đều hòa; tọa độ sân bay đã cho model biết sân bay nào | L2: rot1-predeparture_nofreq | M2: 1%, chia ngẫu nhiên, máy nhà
A3: L2 | B3: A, C | C3: Thêm vòng quay tàu bay theo lịch | D3: leg_of_day, has_prev, turn_slack | E3: Giữ | F3: =IFERROR(AVERAGEIFS('Chi tiết'!$I$2:$I$349,'Chi tiết'!$A$2:$A$349,A3,'Chi tiết'!$F$2:$F$349,"r2"),"") -> 0.031766333 | G3: =IFERROR(AVERAGEIFS('Chi tiết'!$I$2:$I$349,'Chi tiết'!$A$2:$A$349,A3,'Chi tiết'!$F$2:$F$349,"areaUnderROC"),"") -> 0.023845333 | H3: =IFERROR(AVERAGEIFS('Chi tiết'!$I$2:$I$349,'Chi tiết'!$A$2:$A$349,A3,'Chi tiết'!$F$2:$F$349,"areaUnderPR"),"") -> 0.056684333 | I3: =_xlfn.MINIFS('Chi tiết'!$I$2:$I$349,'Chi tiết'!$A$2:$A$349,A3) -> 0.007102 | J3: =_xlfn.MAXIFS('Chi tiết'!$I$2:$I$349,'Chi tiết'!$A$2:$A$349,A3) -> 0.082458 | K3: Biết trước từ lịch bay; model cây dùng (turn_slack 4 đến 7% importance) | L3: rot1-predeparture_sched | M3: 1%, chia ngẫu nhiên, máy nhà
A4: L3 | B4: A, C | C4: Thêm độ trễ lúc đi của chuyến trước | D4: prev_dep_delay | E4: Bỏ (thay ở L5) | F4: =IFERROR(AVERAGEIFS('Chi tiết'!$I$2:$I$349,'Chi tiết'!$A$2:$A$349,A4,'Chi tiết'!$F$2:$F$349,"r2"),"") -> 0.195703 | G4: =IFERROR(AVERAGEIFS('Chi tiết'!$I$2:$I$349,'Chi tiết'!$A$2:$A$349,A4,'Chi tiết'!$F$2:$F$349,"areaUnderROC"),"") -> 0.12932 | H4: =IFERROR(AVERAGEIFS('Chi tiết'!$I$2:$I$349,'Chi tiết'!$A$2:$A$349,A4,'Chi tiết'!$F$2:$F$349,"areaUnderPR"),"") -> 0.28043267 | I4: =_xlfn.MINIFS('Chi tiết'!$I$2:$I$349,'Chi tiết'!$A$2:$A$349,A4) -> 0.127577 | J4: =_xlfn.MAXIFS('Chi tiết'!$I$2:$I$349,'Chi tiết'!$A$2:$A$349,A4) -> 0.302089 | K4: Riêng nó có ích (R² +0.20), nhưng r 0.93 với prev_arr_delay: khi đã có prev_arr_delay thì thay bằng prev_air_gain hòa (L5), nên bỏ | L4: rot1-predeparture_inbound_dep | M4: 1%, chia ngẫu nhiên, máy nhà
A5: L4 | B5: A, C | C5: Thêm độ trễ lúc đến của chuyến trước | D5: prev_arr_delay, inbound_overrun | E5: Giữ | F5: =IFERROR(AVERAGEIFS('Chi tiết'!$I$2:$I$349,'Chi tiết'!$A$2:$A$349,A5,'Chi tiết'!$F$2:$F$349,"r2"),"") -> 0.056177 | G5: =IFERROR(AVERAGEIFS('Chi tiết'!$I$2:$I$349,'Chi tiết'!$A$2:$A$349,A5,'Chi tiết'!$F$2:$F$349,"areaUnderROC"),"") -> 0.027357333 | H5: =IFERROR(AVERAGEIFS('Chi tiết'!$I$2:$I$349,'Chi tiết'!$A$2:$A$349,A5,'Chi tiết'!$F$2:$F$349,"areaUnderPR"),"") -> 0.071523667 | I5: =_xlfn.MINIFS('Chi tiết'!$I$2:$I$349,'Chi tiết'!$A$2:$A$349,A5) -> 0.018717 | J5: =_xlfn.MAXIFS('Chi tiết'!$I$2:$I$349,'Chi tiết'!$A$2:$A$349,A5) -> 0.094052 | K5: Tín hiệu mạnh nhất; inbound_overrun hạng nhất ở cả 4 model cây | L5: rot1-predeparture_inbound | M5: 1%, chia ngẫu nhiên, máy nhà
A6: L5 | B6: A, C | C6: Đổi prev_dep_delay thành prev_air_gain | D6: prev_dep_delay -> prev_air_gain | E6: Bỏ prev_dep_delay | F6: =IFERROR(AVERAGEIFS('Chi tiết'!$I$2:$I$349,'Chi tiết'!$A$2:$A$349,A6,'Chi tiết'!$F$2:$F$349,"r2"),"") -> 0.000193 | G6: =IFERROR(AVERAGEIFS('Chi tiết'!$I$2:$I$349,'Chi tiết'!$A$2:$A$349,A6,'Chi tiết'!$F$2:$F$349,"areaUnderROC"),"") -> -0.000874 | H6: =IFERROR(AVERAGEIFS('Chi tiết'!$I$2:$I$349,'Chi tiết'!$A$2:$A$349,A6,'Chi tiết'!$F$2:$F$349,"areaUnderPR"),"") -> -0.00024133333 | I6: =_xlfn.MINIFS('Chi tiết'!$I$2:$I$349,'Chi tiết'!$A$2:$A$349,A6) -> -0.003199 | J6: =_xlfn.MAXIFS('Chi tiết'!$I$2:$I$349,'Chi tiết'!$A$2:$A$349,A6) -> 0.005415 | K6: Hòa: prev_dep_delay không mang thêm gì khi đã có prev_arr_delay | L6: rot1-predeparture_inbound_gain | M6: 1%, chia ngẫu nhiên, máy nhà
A7: L6 | B7: A, C | C7: Bỏ has_prev và prev_dep_delay | D7: has_prev, prev_dep_delay | E7: Giữ has_prev | F7: =IFERROR(AVERAGEIFS('Chi tiết'!$I$2:$I$349,'Chi tiết'!$A$2:$A$349,A7,'Chi tiết'!$F$2:$F$349,"r2"),"") -> -0.013487 | G7: =IFERROR(AVERAGEIFS('Chi tiết'!$I$2:$I$349,'Chi tiết'!$A$2:$A$349,A7,'Chi tiết'!$F$2:$F$349,"areaUnderROC"),"") -> -0.0074656667 | H7: =IFERROR(AVERAGEIFS('Chi tiết'!$I$2:$I$349,'Chi tiết'!$A$2:$A$349,A7,'Chi tiết'!$F$2:$F$349,"areaUnderPR"),"") -> -0.004028 | I7: =_xlfn.MINIFS('Chi tiết'!$I$2:$I$349,'Chi tiết'!$A$2:$A$349,A7) -> -0.017207 | J7: =_xlfn.MAXIFS('Chi tiết'!$I$2:$I$349,'Chi tiết'!$A$2:$A$349,A7) -> 0.006348 | K7: Bỏ cả hai thì tụt; has_prev báo cho model các cột prev_* của chuyến đầu ngày là giá trị điền | L7: rot1-predeparture_inbound_lean | M7: 1%, chia ngẫu nhiên, máy nhà
A8: L7 | B8: A, C | C8: Thêm độ đông theo lịch (không có vòng quay) | D8: sched_origin_hour, sched_dest_hour, origin_day_ratio | E8: Bỏ | F8: =IFERROR(AVERAGEIFS('Chi tiết'!$I$2:$I$349,'Chi tiết'!$A$2:$A$349,A8,'Chi tiết'!$F$2:$F$349,"r2"),"") -> 0.0042506667 | G8: =IFERROR(AVERAGEIFS('Chi tiết'!$I$2:$I$349,'Chi tiết'!$A$2:$A$349,A8,'Chi tiết'!$F$2:$F$349,"areaUnderROC"),"") -> 0.0013906667 | H8: =IFERROR(AVERAGEIFS('Chi tiết'!$I$2:$I$349,'Chi tiết'!$A$2:$A$349,A8,'Chi tiết'!$F$2:$F$349,"areaUnderPR"),"") -> -0.001446 | I8: =_xlfn.MINIFS('Chi tiết'!$I$2:$I$349,'Chi tiết'!$A$2:$A$349,A8) -> -0.003965 | J8: =_xlfn.MAXIFS('Chi tiết'!$I$2:$I$349,'Chi tiết'!$A$2:$A$349,A8) -> 0.011101 | K8: r <= 0.04 với target; lệch nhỏ và không cùng chiều giữa các model | L8: rot1-predeparture_congestion | M8: 1%, chia ngẫu nhiên, máy nhà
A9: L8 | B9: A, C | C9: Thêm độ đông theo lịch (có vòng quay theo lịch) | D9: sched_origin_hour, sched_dest_hour, origin_day_ratio | E9: Bỏ | F9: =IFERROR(AVERAGEIFS('Chi tiết'!$I$2:$I$349,'Chi tiết'!$A$2:$A$349,A9,'Chi tiết'!$F$2:$F$349,"r2"),"") -> 0.002134 | G9: =IFERROR(AVERAGEIFS('Chi tiết'!$I$2:$I$349,'Chi tiết'!$A$2:$A$349,A9,'Chi tiết'!$F$2:$F$349,"areaUnderROC"),"") -> -0.001561 | H9: =IFERROR(AVERAGEIFS('Chi tiết'!$I$2:$I$349,'Chi tiết'!$A$2:$A$349,A9,'Chi tiết'!$F$2:$F$349,"areaUnderPR"),"") -> -0.00539 | I9: =_xlfn.MINIFS('Chi tiết'!$I$2:$I$349,'Chi tiết'!$A$2:$A$349,A9) -> -0.011854 | J9: =_xlfn.MAXIFS('Chi tiết'!$I$2:$I$349,'Chi tiết'!$A$2:$A$349,A9) -> 0.007443 | K9: Hòa | L9: rot1-predeparture_sched_congestion | M9: 1%, chia ngẫu nhiên, máy nhà
A10: L9 | B10: A, C | C10: Thêm độ đông theo lịch (có đủ vòng quay) | D10: sched_origin_hour, sched_dest_hour, origin_day_ratio | E10: Bỏ | F10: =IFERROR(AVERAGEIFS('Chi tiết'!$I$2:$I$349,'Chi tiết'!$A$2:$A$349,A10,'Chi tiết'!$F$2:$F$349,"r2"),"") -> -0.00215 | G10: =IFERROR(AVERAGEIFS('Chi tiết'!$I$2:$I$349,'Chi tiết'!$A$2:$A$349,A10,'Chi tiết'!$F$2:$F$349,"areaUnderROC"),"") -> 0.00036566667 | H10: =IFERROR(AVERAGEIFS('Chi tiết'!$I$2:$I$349,'Chi tiết'!$A$2:$A$349,A10,'Chi tiết'!$F$2:$F$349,"areaUnderPR"),"") -> -0.00020833333 | I10: =_xlfn.MINIFS('Chi tiết'!$I$2:$I$349,'Chi tiết'!$A$2:$A$349,A10) -> -0.008669 | J10: =_xlfn.MAXIFS('Chi tiết'!$I$2:$I$349,'Chi tiết'!$A$2:$A$349,A10) -> 0.001792 | K10: Hòa | L10: rot1-predeparture_inbound_congestion | M10: 1%, chia ngẫu nhiên, máy nhà
A11: L10 | B11: A, C | C11: Bỏ log_distance | D11: log_distance | E11: Bỏ | F11: =IFERROR(AVERAGEIFS('Chi tiết'!$I$2:$I$349,'Chi tiết'!$A$2:$A$349,A11,'Chi tiết'!$F$2:$F$349,"r2"),"") -> -0.004163 | G11: =IFERROR(AVERAGEIFS('Chi tiết'!$I$2:$I$349,'Chi tiết'!$A$2:$A$349,A11,'Chi tiết'!$F$2:$F$349,"areaUnderROC"),"") -> -0.000242 | H11: =IFERROR(AVERAGEIFS('Chi tiết'!$I$2:$I$349,'Chi tiết'!$A$2:$A$349,A11,'Chi tiết'!$F$2:$F$349,"areaUnderPR"),"") -> -0.00017133333 | I11: =_xlfn.MINIFS('Chi tiết'!$I$2:$I$349,'Chi tiết'!$A$2:$A$349,A11) -> -0.009958 | J11: =_xlfn.MAXIFS('Chi tiết'!$I$2:$I$349,'Chi tiết'!$A$2:$A$349,A11) -> 0.00075 | K11: Tụt rất nhẹ (R² trung bình −0.004), sát mức nhiễu; bỏ cho gọn | L11: rot1-predeparture_final_nodist | M11: 1%, chia ngẫu nhiên, máy nhà
A12: L11 | B12: A, C | C12: Bỏ prev_air_gain | D12: prev_air_gain | E12: Bỏ | F12: =IFERROR(AVERAGEIFS('Chi tiết'!$I$2:$I$349,'Chi tiết'!$A$2:$A$349,A12,'Chi tiết'!$F$2:$F$349,"r2"),"") -> -0.001937 | G12: =IFERROR(AVERAGEIFS('Chi tiết'!$I$2:$I$349,'Chi tiết'!$A$2:$A$349,A12,'Chi tiết'!$F$2:$F$349,"areaUnderROC"),"") -> 0.002441 | H12: =IFERROR(AVERAGEIFS('Chi tiết'!$I$2:$I$349,'Chi tiết'!$A$2:$A$349,A12,'Chi tiết'!$F$2:$F$349,"areaUnderPR"),"") -> 0.000913 | I12: =_xlfn.MINIFS('Chi tiết'!$I$2:$I$349,'Chi tiết'!$A$2:$A$349,A12) -> -0.004745 | J12: =_xlfn.MAXIFS('Chi tiết'!$I$2:$I$349,'Chi tiết'!$A$2:$A$349,A12) -> 0.004436 | K12: Bỏ đi không đổi gì, không cùng chiều | L12: rot1-predeparture_final_nogain | M12: 1%, chia ngẫu nhiên, máy nhà
A13: L12 | B13: A, C | C13: Chuyến đầu ngày: điền 0 thay median cho prev_* | D13: prev_arr_delay, inbound_overrun, prev_air_gain | E13: Giữ median | F13: =IFERROR(AVERAGEIFS('Chi tiết'!$I$2:$I$349,'Chi tiết'!$A$2:$A$349,A13,'Chi tiết'!$F$2:$F$349,"r2"),"") -> -0.001339 | G13: =IFERROR(AVERAGEIFS('Chi tiết'!$I$2:$I$349,'Chi tiết'!$A$2:$A$349,A13,'Chi tiết'!$F$2:$F$349,"areaUnderROC"),"") -> 0.00095966667 | H13: =IFERROR(AVERAGEIFS('Chi tiết'!$I$2:$I$349,'Chi tiết'!$A$2:$A$349,A13,'Chi tiết'!$F$2:$F$349,"areaUnderPR"),"") -> 0.00215 | I13: =_xlfn.MINIFS('Chi tiết'!$I$2:$I$349,'Chi tiết'!$A$2:$A$349,A13) -> -0.003193 | J13: =_xlfn.MAXIFS('Chi tiết'!$I$2:$I$349,'Chi tiết'!$A$2:$A$349,A13) -> 0.004012 | K13: Hòa; giữ cách cũ | L13: rot1-predeparture_final_zero | M13: 1%, chia ngẫu nhiên, máy nhà
... A30: K10a | B30: A, C | C30: Giờ sang sin/cos, seed 42 | D30: DEP_HOUR -> hour_sin, hour_cos | E30: Dùng sin/cos | F30: =IFERROR(AVERAGEIFS('Chi tiết'!$I$2:$I$349,'Chi tiết'!$A$2:$A$349,A30,'Chi tiết'!$F$2:$F$349,"r2"),"") -> 0.0029886667 | G30: =IFERROR(AVERAGEIFS('Chi tiết'!$I$2:$I$349,'Chi tiết'!$A$2:$A$349,A30,'Chi tiết'!$F$2:$F$349,"areaUnderROC"),"") -> 0.00013133333 | H30: =IFERROR(AVERAGEIFS('Chi tiết'!$I$2:$I$349,'Chi tiết'!$A$2:$A$349,A30,'Chi tiết'!$F$2:$F$349,"areaUnderPR"),"") -> 0.0010023333 | I30: =_xlfn.MINIFS('Chi tiết'!$I$2:$I$349,'Chi tiết'!$A$2:$A$349,A30) -> -0.002751 | J30: =_xlfn.MAXIFS('Chi tiết'!$I$2:$I$349,'Chi tiết'!$A$2:$A$349,A30) -> 0.011431 | K30: Cây hòa, LinearSVC tốt hơn ở cả 3 seed | L30: kaggle-ladder-s42-20260929 | M30: Kaggle 1%, chia theo ngày
A31: K10b | B31: A, C | C31: Giờ sang sin/cos, seed 1 | D31: DEP_HOUR -> hour_sin, hour_cos | E31: Dùng sin/cos | F31: =IFERROR(AVERAGEIFS('Chi tiết'!$I$2:$I$349,'Chi tiết'!$A$2:$A$349,A31,'Chi tiết'!$F$2:$F$349,"r2"),"") -> 0.0072396667 | G31: =IFERROR(AVERAGEIFS('Chi tiết'!$I$2:$I$349,'Chi tiết'!$A$2:$A$349,A31,'Chi tiết'!$F$2:$F$349,"areaUnderROC"),"") -> 0.00098733333 | H31: =IFERROR(AVERAGEIFS('Chi tiết'!$I$2:$I$349,'Chi tiết'!$A$2:$A$349,A31,'Chi tiết'!$F$2:$F$349,"areaUnderPR"),"") -> 0.0030523333 | I31: =_xlfn.MINIFS('Chi tiết'!$I$2:$I$349,'Chi tiết'!$A$2:$A$349,A31) -> -0.001434 | J31: =_xlfn.MAXIFS('Chi tiết'!$I$2:$I$349,'Chi tiết'!$A$2:$A$349,A31) -> 0.021893 | L31: kaggle-noise-s1-20260929 | M31: Kaggle 1%, chia theo ngày
A32: K10c | B32: A, C | C32: Giờ sang sin/cos, seed 2 | D32: DEP_HOUR -> hour_sin, hour_cos | E32: Dùng sin/cos | F32: =IFERROR(AVERAGEIFS('Chi tiết'!$I$2:$I$349,'Chi tiết'!$A$2:$A$349,A32,'Chi tiết'!$F$2:$F$349,"r2"),"") -> 0.001708 | G32: =IFERROR(AVERAGEIFS('Chi tiết'!$I$2:$I$349,'Chi tiết'!$A$2:$A$349,A32,'Chi tiết'!$F$2:$F$349,"areaUnderROC"),"") -> -3.2e-05 | H32: =IFERROR(AVERAGEIFS('Chi tiết'!$I$2:$I$349,'Chi tiết'!$A$2:$A$349,A32,'Chi tiết'!$F$2:$F$349,"areaUnderPR"),"") -> 0.0061103333 | I32: =_xlfn.MINIFS('Chi tiết'!$I$2:$I$349,'Chi tiết'!$A$2:$A$349,A32) -> -0.003145 | J32: =_xlfn.MAXIFS('Chi tiết'!$I$2:$I$349,'Chi tiết'!$A$2:$A$349,A32) -> 0.018764 | L32: kaggle-noise-s2-20260929 | M32: Kaggle 1%, chia theo ngày
A33: K11 | B33: A, C | C33: Bỏ 2 cột biết khi chuyến trước đã hạ cánh (chỉ còn lịch bay) | D33: prev_arr_delay, inbound_overrun | E33: Giữ | F33: =IFERROR(AVERAGEIFS('Chi tiết'!$I$2:$I$349,'Chi tiết'!$A$2:$A$349,A33,'Chi tiết'!$F$2:$F$349,"r2"),"") -> -0.291539 | G33: =IFERROR(AVERAGEIFS('Chi tiết'!$I$2:$I$349,'Chi tiết'!$A$2:$A$349,A33,'Chi tiết'!$F$2:$F$349,"areaUnderROC"),"") -> -0.14995367 | H33: =IFERROR(AVERAGEIFS('Chi tiết'!$I$2:$I$349,'Chi tiết'!$A$2:$A$349,A33,'Chi tiết'!$F$2:$F$349,"areaUnderPR"),"") -> -0.349524 | I33: =_xlfn.MINIFS('Chi tiết'!$I$2:$I$349,'Chi tiết'!$A$2:$A$349,A33) -> -0.351287 | J33: =_xlfn.MAXIFS('Chi tiết'!$I$2:$I$349,'Chi tiết'!$A$2:$A$349,A33) -> -0.148382 | K33: Phần lớn điểm đến từ đây: AUC 0.82 xuống 0.68 | L33: kaggle-ladder-s42-20260929 | M33: Kaggle 1%, chia theo ngày
A34: K12a | B34: A, C | C34: PCA trên toàn vector (k 51) | D34: arm PCA | E34: Không dùng | F34: =IFERROR(AVERAGEIFS('Chi tiết'!$I$2:$I$349,'Chi tiết'!$A$2:$A$349,A34,'Chi tiết'!$F$2:$F$349,"r2"),"") -> -0.035553667 | G34: =IFERROR(AVERAGEIFS('Chi tiết'!$I$2:$I$349,'Chi tiết'!$A$2:$A$349,A34,'Chi tiết'!$F$2:$F$349,"areaUnderROC"),"") -> -0.031737667 | H34: =IFERROR(AVERAGEIFS('Chi tiết'!$I$2:$I$349,'Chi tiết'!$A$2:$A$349,A34,'Chi tiết'!$F$2:$F$349,"areaUnderPR"),"") -> -0.045124667 | I34: =_xlfn.MINIFS('Chi tiết'!$I$2:$I$349,'Chi tiết'!$A$2:$A$349,A34) -> -0.07206 | J34: =_xlfn.MAXIFS('Chi tiết'!$I$2:$I$349,'Chi tiết'!$A$2:$A$349,A34) -> 0.001627 | K34: Thua PCA chỉ trên cột số ở 6/7 model | L34: kaggle-pca-20260927 | M34: Kaggle 1%, chia ngẫu nhiên
A35: K12b | B35: A, C | C35: PCA chỉ trên cột số (k 8) | D35: arm PCA | E35: Dùng cho arm PCA | F35: =IFERROR(AVERAGEIFS('Chi tiết'!$I$2:$I$349,'Chi tiết'!$A$2:$A$349,A35,'Chi tiết'!$F$2:$F$349,"r2"),"") -> -0.011117333 | G35: =IFERROR(AVERAGEIFS('Chi tiết'!$I$2:$I$349,'Chi tiết'!$A$2:$A$349,A35,'Chi tiết'!$F$2:$F$349,"areaUnderROC"),"") -> -0.014135 | H35: =IFERROR(AVERAGEIFS('Chi tiết'!$I$2:$I$349,'Chi tiết'!$A$2:$A$349,A35,'Chi tiết'!$F$2:$F$349,"areaUnderPR"),"") -> -0.022303667 | I35: =_xlfn.MINIFS('Chi tiết'!$I$2:$I$349,'Chi tiết'!$A$2:$A$349,A35) -> -0.042043 | J35: =_xlfn.MAXIFS('Chi tiết'!$I$2:$I$349,'Chi tiết'!$A$2:$A$349,A35) -> 0.015059 | K35: Gần không PCA cho model tuyến tính; cây vẫn tốt nhất khi không PCA | L35: kaggle-pca-20260927 | M35: Kaggle 1%, chia ngẫu nhiên
A36: K13a | B36: C (và A) | C36: Chặn trần độ trễ chuyến trước ở 60 phút | D36: prev_arr_delay, inbound_overrun (trần 60) | E36: Dùng cho bài C | F36: =IFERROR(AVERAGEIFS('Chi tiết'!$I$2:$I$349,'Chi tiết'!$A$2:$A$349,A36,'Chi tiết'!$F$2:$F$349,"r2"),"") -> 0.0076476667 | G36: =IFERROR(AVERAGEIFS('Chi tiết'!$I$2:$I$349,'Chi tiết'!$A$2:$A$349,A36,'Chi tiết'!$F$2:$F$349,"areaUnderROC"),"") -> 0.001235 | H36: =IFERROR(AVERAGEIFS('Chi tiết'!$I$2:$I$349,'Chi tiết'!$A$2:$A$349,A36,'Chi tiết'!$F$2:$F$349,"areaUnderPR"),"") -> 0.011046333 | I36: =_xlfn.MINIFS('Chi tiết'!$I$2:$I$349,'Chi tiết'!$A$2:$A$349,A36) -> -0.001579 | J36: =_xlfn.MAXIFS('Chi tiết'!$I$2:$I$349,'Chi tiết'!$A$2:$A$349,A36) -> 0.02871 | K36: Từ 30 phút tỷ lệ trễ nặng bão hòa 99.7%; LinearSVC AUC-PR +0.029, cây hòa. GBT regressor +0.018 là do CV đổi maxBins | L36: kaggle-check-cap60-20260930 | M36: Kaggle 1%, chia theo ngày
A37: K13b | B37: A | C37: Chặn trần độ trễ chuyến trước ở 300 phút | D37: prev_arr_delay, inbound_overrun (trần 300) | E37: Dùng cho bài A | F37: =IFERROR(AVERAGEIFS('Chi tiết'!$I$2:$I$349,'Chi tiết'!$A$2:$A$349,A37,'Chi tiết'!$F$2:$F$349,"r2"),"") -> 0.0024593333 | G37: =IFERROR(AVERAGEIFS('Chi tiết'!$I$2:$I$349,'Chi tiết'!$A$2:$A$349,A37,'Chi tiết'!$F$2:$F$349,"areaUnderROC"),"") -> -4.3333333e-06 | H37: =IFERROR(AVERAGEIFS('Chi tiết'!$I$2:$I$349,'Chi tiết'!$A$2:$A$349,A37,'Chi tiết'!$F$2:$F$349,"areaUnderPR"),"") -> 0.000114 | I37: =_xlfn.MINIFS('Chi tiết'!$I$2:$I$349,'Chi tiết'!$A$2:$A$349,A37) -> -8e-06 | J37: =_xlfn.MAXIFS('Chi tiết'!$I$2:$I$349,'Chi tiết'!$A$2:$A$349,A37) -> 0.004574 | K37: Trễ tăng khoảng 1:1 tới 5 tiếng rồi gãy; LinearRegression R² +0.0045, RF +0.0028, GBT y hệt, classifier y hệt | L37: kaggle-check-cap300-20260930 | M37: Kaggle 1%, chia theo ngày
A38: G1 | B38: B | C38: Bỏ tốc độ theo lịch | D38: sched_mph | E38: Giữ | F38: =IFERROR(AVERAGEIFS('Chi tiết'!$I$2:$I$349,'Chi tiết'!$A$2:$A$349,A38,'Chi tiết'!$F$2:$F$349,"r2"),"") -> -0.031303333 | G38: =IFERROR(AVERAGEIFS('Chi tiết'!$I$2:$I$349,'Chi tiết'!$A$2:$A$349,A38,'Chi tiết'!$F$2:$F$349,"areaUnderROC"),"") | H38: =IFERROR(AVERAGEIFS('Chi tiết'!$I$2:$I$349,'Chi tiết'!$A$2:$A$349,A38,'Chi tiết'!$F$2:$F$349,"areaUnderPR"),"") | I38: =_xlfn.MINIFS('Chi tiết'!$I$2:$I$349,'Chi tiết'!$A$2:$A$349,A38) -> -0.064641 | J38: =_xlfn.MAXIFS('Chi tiết'!$I$2:$I$349,'Chi tiết'!$A$2:$A$349,A38) -> -0.0091 | K38: Mọi model tụt, model tuyến tính tụt mạnh | L38: kaggle-check-gain-20260929 | M38: Kaggle 1%, chia theo ngày
A39: G2 | B39: B | C39: Thêm độ đông ở sân bay đích | D39: sched_dest_hour | E39: Giữ | F39: =IFERROR(AVERAGEIFS('Chi tiết'!$I$2:$I$349,'Chi tiết'!$A$2:$A$349,A39,'Chi tiết'!$F$2:$F$349,"r2"),"") -> 0.0077336667 | G39: =IFERROR(AVERAGEIFS('Chi tiết'!$I$2:$I$349,'Chi tiết'!$A$2:$A$349,A39,'Chi tiết'!$F$2:$F$349,"areaUnderROC"),"") | H39: =IFERROR(AVERAGEIFS('Chi tiết'!$I$2:$I$349,'Chi tiết'!$A$2:$A$349,A39,'Chi tiết'!$F$2:$F$349,"areaUnderPR"),"") | I39: =_xlfn.MINIFS('Chi tiết'!$I$2:$I$349,'Chi tiết'!$A$2:$A$349,A39) -> -0.001208 | J39: =_xlfn.MAXIFS('Chi tiết'!$I$2:$I$349,'Chi tiết'!$A$2:$A$349,A39) -> 0.024136 | K39: Model tuyến tính tăng rõ, cây hòa | L39: kaggle-check-gain-20260929 | M39: Kaggle 1%, chia theo ngày
A40: G3 | B40: B | C40: Thay log_distance, sched_mph bằng dạng thô | D40: DISTANCE, SCHEDULED_TIME thay log_distance, sched_mph | E40: Không dùng | F40: =IFERROR(AVERAGEIFS('Chi tiết'!$I$2:$I$349,'Chi tiết'!$A$2:$A$349,A40,'Chi tiết'!$F$2:$F$349,"r2"),"") -> 0.000467 | G40: =IFERROR(AVERAGEIFS('Chi tiết'!$I$2:$I$349,'Chi tiết'!$A$2:$A$349,A40,'Chi tiết'!$F$2:$F$349,"areaUnderROC"),"") | H40: =IFERROR(AVERAGEIFS('Chi tiết'!$I$2:$I$349,'Chi tiết'!$A$2:$A$349,A40,'Chi tiết'!$F$2:$F$349,"areaUnderPR"),"") | I40: =_xlfn.MINIFS('Chi tiết'!$I$2:$I$349,'Chi tiết'!$A$2:$A$349,A40) -> -2.8e-05 | J40: =_xlfn.MAXIFS('Chi tiết'!$I$2:$I$349,'Chi tiết'!$A$2:$A$349,A40) -> 0.000933 | K40: Hòa | L40: kaggle-check-gain2-20260929 | M40: Kaggle 1%, chia theo ngày
A41: G4 | B41: B | C41: Thêm DISTANCE, SCHEDULED_TIME | D41: DISTANCE, SCHEDULED_TIME | E41: Giữ | F41: =IFERROR(AVERAGEIFS('Chi tiết'!$I$2:$I$349,'Chi tiết'!$A$2:$A$349,A41,'Chi tiết'!$F$2:$F$349,"r2"),"") -> 0.011037333 | G41: =IFERROR(AVERAGEIFS('Chi tiết'!$I$2:$I$349,'Chi tiết'!$A$2:$A$349,A41,'Chi tiết'!$F$2:$F$349,"areaUnderROC"),"") | H41: =IFERROR(AVERAGEIFS('Chi tiết'!$I$2:$I$349,'Chi tiết'!$A$2:$A$349,A41,'Chi tiết'!$F$2:$F$349,"areaUnderPR"),"") | I41: =_xlfn.MINIFS('Chi tiết'!$I$2:$I$349,'Chi tiết'!$A$2:$A$349,A41) -> 0.005914 | J41: =_xlfn.MAXIFS('Chi tiết'!$I$2:$I$349,'Chi tiết'!$A$2:$A$349,A41) -> 0.016493 | K41: Mọi model tăng; target phụ thuộc vào hiệu giữa chúng (độ dư lịch) | L41: kaggle-check-gain2-20260929 | M41: Kaggle 1%, chia theo ngày
A42: G5 | B42: B | C42: Bỏ DISTANCE | D42: DISTANCE | E42: Giữ | F42: =IFERROR(AVERAGEIFS('Chi tiết'!$I$2:$I$349,'Chi tiết'!$A$2:$A$349,A42,'Chi tiết'!$F$2:$F$349,"r2"),"") -> -0.0023186667 | G42: =IFERROR(AVERAGEIFS('Chi tiết'!$I$2:$I$349,'Chi tiết'!$A$2:$A$349,A42,'Chi tiết'!$F$2:$F$349,"areaUnderROC"),"") | H42: =IFERROR(AVERAGEIFS('Chi tiết'!$I$2:$I$349,'Chi tiết'!$A$2:$A$349,A42,'Chi tiết'!$F$2:$F$349,"areaUnderPR"),"") | I42: =_xlfn.MINIFS('Chi tiết'!$I$2:$I$349,'Chi tiết'!$A$2:$A$349,A42) -> -0.005653 | J42: =_xlfn.MAXIFS('Chi tiết'!$I$2:$I$349,'Chi tiết'!$A$2:$A$349,A42) -> 0 | K42: GBT y hệt (log đơn điệu); model tuyến tính tụt vì thời gian bay tuyến tính theo quãng đường | L42: kaggle-check-gain3-20260929 | M42: Kaggle 1%, chia theo ngày
A43: G6 | B43: B | C43: Bỏ log_distance, sched_mph | D43: log_distance, sched_mph | E43: Giữ | F43: =IFERROR(AVERAGEIFS('Chi tiết'!$I$2:$I$349,'Chi tiết'!$A$2:$A$349,A43,'Chi tiết'!$F$2:$F$349,"r2"),"") -> -0.010570333 | G43: =IFERROR(AVERAGEIFS('Chi tiết'!$I$2:$I$349,'Chi tiết'!$A$2:$A$349,A43,'Chi tiết'!$F$2:$F$349,"areaUnderROC"),"") | H43: =IFERROR(AVERAGEIFS('Chi tiết'!$I$2:$I$349,'Chi tiết'!$A$2:$A$349,A43,'Chi tiết'!$F$2:$F$349,"areaUnderPR"),"") | I43: =_xlfn.MINIFS('Chi tiết'!$I$2:$I$349,'Chi tiết'!$A$2:$A$349,A43) -> -0.01556 | J43: =_xlfn.MAXIFS('Chi tiết'!$I$2:$I$349,'Chi tiết'!$A$2:$A$349,A43) -> -0.005418 | K43: Cây tụt | L43: kaggle-check-gain3-20260929 | M43: Kaggle 1%, chia theo ngày
A44: G7 | B44: B | C44: Chặn trần DEPARTURE_DELAY ở 120 phút | D44: DEPARTURE_DELAY | E44: Không cần | F44: =IFERROR(AVERAGEIFS('Chi tiết'!$I$2:$I$349,'Chi tiết'!$A$2:$A$349,A44,'Chi tiết'!$F$2:$F$349,"r2"),"") -> -0.00042633333 | G44: =IFERROR(AVERAGEIFS('Chi tiết'!$I$2:$I$349,'Chi tiết'!$A$2:$A$349,A44,'Chi tiết'!$F$2:$F$349,"areaUnderROC"),"") | H44: =IFERROR(AVERAGEIFS('Chi tiết'!$I$2:$I$349,'Chi tiết'!$A$2:$A$349,A44,'Chi tiết'!$F$2:$F$349,"areaUnderPR"),"") | I44: =_xlfn.MINIFS('Chi tiết'!$I$2:$I$349,'Chi tiết'!$A$2:$A$349,A44) -> -0.000809 | J44: =_xlfn.MAXIFS('Chi tiết'!$I$2:$I$349,'Chi tiết'!$A$2:$A$349,A44) -> -1.2e-05 | K44: Hòa: với target gain cột này gần như không mang thông tin (r 0.009) | L44: kaggle-check-cap-20260929 | M44: Kaggle 1%, chia theo ngày
A45: G8 | B45: B | C45: Bỏ DEPARTURE_DELAY | D45: DEPARTURE_DELAY | E45: Bỏ | F45: =IFERROR(AVERAGEIFS('Chi tiết'!$I$2:$I$349,'Chi tiết'!$A$2:$A$349,A45,'Chi tiết'!$F$2:$F$349,"r2"),"") -> 0.000848 | G45: =IFERROR(AVERAGEIFS('Chi tiết'!$I$2:$I$349,'Chi tiết'!$A$2:$A$349,A45,'Chi tiết'!$F$2:$F$349,"areaUnderROC"),"") | H45: =IFERROR(AVERAGEIFS('Chi tiết'!$I$2:$I$349,'Chi tiết'!$A$2:$A$349,A45,'Chi tiết'!$F$2:$F$349,"areaUnderPR"),"") | I45: =_xlfn.MINIFS('Chi tiết'!$I$2:$I$349,'Chi tiết'!$A$2:$A$349,A45) -> -0.000213 | J45: =_xlfn.MAXIFS('Chi tiết'!$I$2:$I$349,'Chi tiết'!$A$2:$A$349,A45) -> 0.002482 | K45: Hòa; gain phẳng theo nó (trung vị −6 phút ở mọi mức trễ). Vẫn dùng qua phép cộng arrival = DEPARTURE_DELAY + gain | L45: kaggle-check-cap-20260929 | M45: Kaggle 1%, chia theo ngày

Sheet Chi tiết
A1: ID | B1: Nguồn | C1: Bộ tham chiếu | D1: Bộ thử | E1: Model | F1: Metric | G1: Tham chiếu | H1: Thử | I1: Δ (thử − tham chiếu)
A2: L1 | B2: rot1-predeparture_nofreq | C2: rot1-predeparture | D2: rot1-predeparture_nofreq | E2: linear_regression | F2: r2 | G2: 0.01809 | H2: 0.017899 | I2: =H2-G2 -> -0.000191
A3: L1 | B3: rot1-predeparture_nofreq | C3: rot1-predeparture | D3: rot1-predeparture_nofreq | E3: random_forest_regressor | F3: r2 | G3: 0.016056 | H3: 0.0163 | I3: =H3-G3 -> 0.000244
A4: L1 | B4: rot1-predeparture_nofreq | C4: rot1-predeparture | D4: rot1-predeparture_nofreq | E4: gbt_regressor | F4: r2 | G4: 0.0055 | H4: 0.022296 | I4: =H4-G4 -> 0.016796
A5: L1 | B5: rot1-predeparture_nofreq | C5: rot1-predeparture | D5: rot1-predeparture_nofreq | E5: linear_svc | F5: areaUnderROC | G5: 0.63742 | H5: 0.634596 | I5: =H5-G5 -> -0.002824
A6: L1 | B6: rot1-predeparture_nofreq | C6: rot1-predeparture | D6: rot1-predeparture_nofreq | E6: linear_svc | F6: areaUnderPR | G6: 0.175751 | H6: 0.172114 | I6: =H6-G6 -> -0.003637
A7: L1 | B7: rot1-predeparture_nofreq | C7: rot1-predeparture | D7: rot1-predeparture_nofreq | E7: random_forest_classifier | F7: areaUnderROC | G7: 0.637966 | H7: 0.641224 | I7: =H7-G7 -> 0.003258
A8: L1 | B8: rot1-predeparture_nofreq | C8: rot1-predeparture | D8: rot1-predeparture_nofreq | E8: random_forest_classifier | F8: areaUnderPR | G8: 0.169842 | H8: 0.174637 | I8: =H8-G8 -> 0.004795
A9: L1 | B9: rot1-predeparture_nofreq | C9: rot1-predeparture | D9: rot1-predeparture_nofreq | E9: gbt_classifier | F9: areaUnderROC | G9: 0.656106 | H9: 0.653643 | I9: =H9-G9 -> -0.002463
A10: L1 | B10: rot1-predeparture_nofreq | C10: rot1-predeparture | D10: rot1-predeparture_nofreq | E10: gbt_classifier | F10: areaUnderPR | G10: 0.186902 | H10: 0.183376 | I10: =H10-G10 -> -0.003526
A11: L2 | B11: rot1-predeparture_sched | C11: rot1-predeparture | D11: rot1-predeparture_sched | E11: linear_regression | F11: r2 | G11: 0.01809 | H11: 0.025192 | I11: =H11-G11 -> 0.007102
A12: L2 | B12: rot1-predeparture_sched | C12: rot1-predeparture | D12: rot1-predeparture_sched | E12: random_forest_regressor | F12: r2 | G12: 0.016056 | H12: 0.054733 | I12: =H12-G12 -> 0.038677
A13: L2 | B13: rot1-predeparture_sched | C13: rot1-predeparture | D13: rot1-predeparture_sched | E13: gbt_regressor | F13: r2 | G13: 0.0055 | H13: 0.05502 | I13: =H13-G13 -> 0.04952
... A349: G8 | B349: kaggle-check-cap-20260929 | C349: kg-gain_plus | D349: kg-gain_nodep | E349: gbt_regressor | F349: r2 | G349: 0.444492 | H349: 0.446974 | I349: =H349-G349 -> 0.002482

Sheet Bỏ theo EDA
A1: Cột | B1: Bài | C1: Quyết định | D1: Căn cứ
A2: DEPARTURE_DELAY, TAXI_OUT, WHEELS_OFF | B2: A, C | C2: Cấm | D2: Chỉ biết sau khi máy bay rời cổng; code tự chặn (PRE_DEPARTURE_FORBIDDEN)
A3: te_origin, te_dest, te_route | B3: A, B, C | C3: Cấm | D3: Target encoding, tính từ nhãn
A4: ARRIVAL_TIME, ELAPSED_TIME, AIR_TIME, WHEELS_ON, TAXI_IN, 5 cột *_DELAY | B4: A, B, C | C4: Cấm | D4: Chỉ biết sau khi hạ cánh; xóa từ bước chuẩn bị dữ liệu (flight_schema.LEAKY_COLUMNS)
A5: SCHEDULED_TIME, log_sched_time | B5: A, C | C5: Bỏ | D5: r 0.97 đến 0.98 với quãng đường; không có ablation riêng
A6: GC_DISTANCE_MI, log_gc_distance | B6: A, B, C | C6: Bỏ | D6: r 1.00 với log_distance; cần UDF Python chậm
A7: IS_WEEKEND | B7: A, C | C7: Bỏ | D7: Suy ra từ DAY_OF_WEEK
A8: DAY (ngày trong tháng) | B8: A, C | C8: Bỏ | D8: r < 0.01, không có quy luật
A9: AIRLINE | B9: A, B, C | C9: Giữ | D9: Tỷ lệ trễ nặng từ 4.1% (Hawaiian) đến 19.3% (Spirit); chưa có ablation bỏ riêng

Sheet Chú thích
A1: Chú thích
A2: Δ = điểm của bộ thử trừ điểm của bộ tham chiếu, tính cho từng model trên cùng mẫu, cùng cách chia.
A3: R², AUC, AUC-PR: Δ dương là bộ thử tốt hơn, âm là tệ hơn.
A4: Mức nhiễu: chênh lệch giữa hai bộ trên cùng seed dao động khoảng ±0.003 (đo bằng 3 seed, run H trong LOG.md). Chênh dưới khoảng 0.005 và không cùng chiều qua các model thì coi là hòa, và chọn bộ đơn giản hơn.
A5: Mẫu: 1% dữ liệu (khoảng 57 nghìn chuyến). Kết quả Kaggle chia ngẫu nhiên trước 28/09, chia theo ngày từ 29/09; chỉ so sánh trong cùng một dòng, không so mức điểm giữa các dòng.
A6: Model: regressor = LinearRegression, RandomForest, GBT; classifier = LinearSVC, RandomForest, GBT. Nhánh không PCA, trừ K12 (so nhánh PCA với nhánh không PCA).
A7: Bài: A = hồi quy trước khi bay, B = hồi quy sau cất cánh (label_gain), C = phân loại trễ trên 30 phút.
A8: Chữ xanh trong sheet Chi tiết là số lấy từ MLflow; cột Δ và các cột trung bình ở sheet Tổng hợp là công thức.
A9: Chi tiết từng lượt test: experiments/LOG.md. Bảng tổng: experiments/FEATURE_DECISIONS.md.
